{
    "lyrics_score": 71.97919493275029,
    "production_score": 73.5468820801803,
    "features_score": 38.67458828857966,
    "vocals_score": 84.84512748462812,
    "concept_score": 59.50700938701631,
    "overall_score": 86.04962272303443
}